{
  "position": "RB",
  "components": [
    "rushing_yards",
    "rushing_tds",
    "receptions",
    "receiving_yards",
    "receiving_tds"
  ],
  "feature_names": [
    "snap_share_pct_roll3_mean",
    "rush_share_pct_roll3_mean",
    "target_share_pct_roll3_mean",
    "rushing_attempts_roll3_mean",
    "targets_roll3_mean",
    "rushing_tds_roll3_mean",
    "yards_per_carry_roll3_mean",
    "ngs_rush_yards_over_expected_per_att_roll3_mean",
    "opp_fpts_allowed",
    "implied_team_total",
    "spread",
    "injury_score",
    "prev_season_ppg",
    "preseason_ecr"
  ],
  "feature_medians": {
    "snap_share_pct_roll3_mean": 0.0,
    "rush_share_pct_roll3_mean": 0.3016710290137761,
    "target_share_pct_roll3_mean": 0.1228878648233487,
    "rushing_attempts_roll3_mean": 7.666666666666667,
    "targets_roll3_mean": 2.0,
    "rushing_tds_roll3_mean": 0.0,
    "yards_per_carry_roll3_mean": 3.73931623931624,
    "ngs_rush_yards_over_expected_per_att_roll3_mean": 0.0,
    "opp_fpts_allowed": 18.9,
    "implied_team_total": 23.0,
    "spread": 0.0,
    "injury_score": 1.0,
    "prev_season_ppg": 7.9818181818181815,
    "preseason_ecr": 300.0
  },
  "models": {
    "rushing_yards": {
      "coef": [
        0.09229208447310944,
        9.655361411554292,
        1.0274752692459732,
        7.642456048105119,
        -1.8745653300368414,
        -0.6442466745511836,
        0.7043698260353771,
        1.7616572684897853,
        -0.04488620116188923,
        0.0,
        0.0,
        0.23309678722380545,
        4.8829338558093776,
        -0.8744887482219479
      ],
      "intercept": 37.59378139524999
    },
    "rushing_tds": {
      "coef": [
        0.010070693549565017,
        0.062226849748560305,
        -0.044110121926717455,
        0.05358775337693079,
        0.016952514735603868,
        0.021538622389727237,
        -0.004991244653147726,
        0.020093342534003505,
        -0.00710489854731165,
        0.0,
        0.0,
        0.0058390191062771945,
        0.061024356711382934,
        -0.007524708622267928
      ],
      "intercept": 0.25836482213580947
    },
    "receptions": {
      "coef": [
        0.046528019978999344,
        0.14203502582972252,
        0.20578633017655482,
        -0.09045643716800333,
        0.5205919133261356,
        -0.039359492252365944,
        0.08097098042212579,
        -0.011909384418011974,
        0.016924936530743125,
        0.0,
        0.0,
        -0.008425068373736543,
        0.19827898509525332,
        -0.008524761216743115
      ],
      "intercept": 1.7929051087030679
    },
    "receiving_yards": {
      "coef": [
        -0.014983193896332936,
        0.03442331066380365,
        1.5471346540436814,
        -0.061516162883225714,
        4.212831914062715,
        -0.27529503538183825,
        0.5443592199966869,
        -0.02339195351404293,
        0.12452353494147735,
        0.0,
        0.0,
        -0.06263198468527283,
        1.8692018307235896,
        -0.12508641400850126
      ],
      "intercept": 13.705507349916195
    },
    "receiving_tds": {
      "coef": [
        0.003478615321991128,
        0.008176042766983414,
        0.0054507904020159705,
        -0.02270474428622038,
        0.03156100558511852,
        0.0019380457552723915,
        0.0019941487530574587,
        0.0032329155842490604,
        0.0012129998112696849,
        0.0,
        0.0,
        0.0031327399484335876,
        0.014429543251791513,
        0.0009528706197044381
      ],
      "intercept": 0.06350314857129807
    }
  },
  "scalers": {
    "rushing_yards": {
      "mean": [
        0.09801629243316372,
        0.3435751530636924,
        0.14015740949507563,
        8.967657756324533,
        2.38383428656418,
        0.26822969483090975,
        3.7471748778245355,
        0.02547061932287947,
        19.19475925850802,
        23.0,
        0.0,
        0.9750537459944191,
        8.893834049607248,
        293.8202782622814
      ],
      "scale": [
        0.1621814868122247,
        0.24304915733487273,
        0.103557537274258,
        6.524503680443047,
        1.8267637360436784,
        0.37243803089667943,
        1.9961293081165743,
        0.36547033145429236,
        12.031051920552546,
        1.0,
        1.0,
        0.09663297913620927,
        5.642146464580612,
        36.53290336854868
      ]
    },
    "rushing_tds": {
      "mean": [
        0.09801629243316372,
        0.3435751530636924,
        0.14015740949507563,
        8.967657756324533,
        2.38383428656418,
        0.26822969483090975,
        3.7471748778245355,
        0.02547061932287947,
        19.19475925850802,
        23.0,
        0.0,
        0.9750537459944191,
        8.893834049607248,
        293.8202782622814
      ],
      "scale": [
        0.1621814868122247,
        0.24304915733487273,
        0.103557537274258,
        6.524503680443047,
        1.8267637360436784,
        0.37243803089667943,
        1.9961293081165743,
        0.36547033145429236,
        12.031051920552546,
        1.0,
        1.0,
        0.09663297913620927,
        5.642146464580612,
        36.53290336854868
      ]
    },
    "receptions": {
      "mean": [
        0.09801629243316372,
        0.3435751530636924,
        0.14015740949507563,
        8.967657756324533,
        2.38383428656418,
        0.26822969483090975,
        3.7471748778245355,
        0.02547061932287947,
        19.19475925850802,
        23.0,
        0.0,
        0.9750537459944191,
        8.893834049607248,
        293.8202782622814
      ],
      "scale": [
        0.1621814868122247,
        0.24304915733487273,
        0.103557537274258,
        6.524503680443047,
        1.8267637360436784,
        0.37243803089667943,
        1.9961293081165743,
        0.36547033145429236,
        12.031051920552546,
        1.0,
        1.0,
        0.09663297913620927,
        5.642146464580612,
        36.53290336854868
      ]
    },
    "receiving_yards": {
      "mean": [
        0.09801629243316372,
        0.3435751530636924,
        0.14015740949507563,
        8.967657756324533,
        2.38383428656418,
        0.26822969483090975,
        3.7471748778245355,
        0.02547061932287947,
        19.19475925850802,
        23.0,
        0.0,
        0.9750537459944191,
        8.893834049607248,
        293.8202782622814
      ],
      "scale": [
        0.1621814868122247,
        0.24304915733487273,
        0.103557537274258,
        6.524503680443047,
        1.8267637360436784,
        0.37243803089667943,
        1.9961293081165743,
        0.36547033145429236,
        12.031051920552546,
        1.0,
        1.0,
        0.09663297913620927,
        5.642146464580612,
        36.53290336854868
      ]
    },
    "receiving_tds": {
      "mean": [
        0.09801629243316372,
        0.3435751530636924,
        0.14015740949507563,
        8.967657756324533,
        2.38383428656418,
        0.26822969483090975,
        3.7471748778245355,
        0.02547061932287947,
        19.19475925850802,
        23.0,
        0.0,
        0.9750537459944191,
        8.893834049607248,
        293.8202782622814
      ],
      "scale": [
        0.1621814868122247,
        0.24304915733487273,
        0.103557537274258,
        6.524503680443047,
        1.8267637360436784,
        0.37243803089667943,
        1.9961293081165743,
        0.36547033145429236,
        12.031051920552546,
        1.0,
        1.0,
        0.09663297913620927,
        5.642146464580612,
        36.53290336854868
      ]
    }
  }
}