{
  "position": "WR",
  "components": [
    "receptions",
    "receiving_yards",
    "receiving_tds"
  ],
  "feature_names": [
    "target_share_pct_roll3_mean",
    "air_yards_share_pct_roll3_mean",
    "targets_roll3_mean",
    "receptions_roll3_mean",
    "receiving_tds_roll3_mean",
    "yards_per_target_roll3_mean",
    "ngs_avg_separation_roll3_mean",
    "opp_fpts_allowed",
    "implied_team_total",
    "spread",
    "injury_score",
    "prev_season_ppg",
    "preseason_ecr"
  ],
  "feature_medians": {
    "target_share_pct_roll3_mean": 0.26256764225884244,
    "air_yards_share_pct_roll3_mean": 0.0,
    "targets_roll3_mean": 4.333333333333333,
    "receptions_roll3_mean": 2.6666666666666665,
    "receiving_tds_roll3_mean": 0.0,
    "yards_per_target_roll3_mean": 7.666666666666667,
    "ngs_avg_separation_roll3_mean": 0.0,
    "opp_fpts_allowed": 30.8,
    "implied_team_total": 23.0,
    "spread": 0.0,
    "injury_score": 1.0,
    "prev_season_ppg": 7.94,
    "preseason_ecr": 300.0
  },
  "models": {
    "receptions": {
      "coef": [
        0.3990492802777243,
        -0.051219950560135216,
        0.1477784217532549,
        0.4655609519164855,
        -0.035745816487512044,
        -0.020415358576899467,
        0.06808320127176326,
        0.017050926751489143,
        0.0,
        0.0,
        0.028836038955945057,
        0.4323156480847972,
        -0.07703952024133733
      ],
      "intercept": 3.060477345153538
    },
    "receiving_yards": {
      "coef": [
        6.0025447693161675,
        0.28800761307044404,
        5.905862067339686,
        -0.08738175318469851,
        0.03606709805958302,
        1.3049564084974818,
        -0.018770697107420634,
        0.009021044780550866,
        0.0,
        0.0,
        0.38379138791037337,
        6.831582392730322,
        -1.0548330156818038
      ],
      "intercept": 37.90237534281173
    },
    "receiving_tds": {
      "coef": [
        0.011377571365210426,
        0.0005628262908219393,
        0.05922628760218984,
        -0.014435230223605643,
        0.012159989854119129,
        0.010848263005575723,
        0.0013074364882120287,
        -0.004569733633400003,
        0.0,
        0.0,
        0.0025816765317339123,
        0.04692235921628933,
        -0.01281398661483437
      ],
      "intercept": 0.22959425276100245
    }
  },
  "scalers": {
    "receptions": {
      "mean": [
        0.27867084616282484,
        5.782614586807759,
        4.828467462130839,
        3.1206820682068184,
        0.24323855462469157,
        8.323129389871632,
        0.5430418500720343,
        30.166648895658675,
        23.0,
        0.0,
        0.9712287382584454,
        8.804886269136297,
        294.78566641279724
      ],
      "scale": [
        0.15080539463559575,
        11.350007536131216,
        2.8093495334177887,
        1.9135790769065613,
        0.3212266508439985,
        4.548111591997223,
        1.006674203587893,
        17.681378592678865,
        1.0,
        1.0,
        0.10667295722778869,
        5.216146586862374,
        36.2101683159697
      ]
    },
    "receiving_yards": {
      "mean": [
        0.27867084616282484,
        5.782614586807759,
        4.828467462130839,
        3.1206820682068184,
        0.24323855462469157,
        8.323129389871632,
        0.5430418500720343,
        30.166648895658675,
        23.0,
        0.0,
        0.9712287382584454,
        8.804886269136297,
        294.78566641279724
      ],
      "scale": [
        0.15080539463559575,
        11.350007536131216,
        2.8093495334177887,
        1.9135790769065613,
        0.3212266508439985,
        4.548111591997223,
        1.006674203587893,
        17.681378592678865,
        1.0,
        1.0,
        0.10667295722778869,
        5.216146586862374,
        36.2101683159697
      ]
    },
    "receiving_tds": {
      "mean": [
        0.27867084616282484,
        5.782614586807759,
        4.828467462130839,
        3.1206820682068184,
        0.24323855462469157,
        8.323129389871632,
        0.5430418500720343,
        30.166648895658675,
        23.0,
        0.0,
        0.9712287382584454,
        8.804886269136297,
        294.78566641279724
      ],
      "scale": [
        0.15080539463559575,
        11.350007536131216,
        2.8093495334177887,
        1.9135790769065613,
        0.3212266508439985,
        4.548111591997223,
        1.006674203587893,
        17.681378592678865,
        1.0,
        1.0,
        0.10667295722778869,
        5.216146586862374,
        36.2101683159697
      ]
    }
  }
}