{
  "position": "TE",
  "components": [
    "receptions",
    "receiving_yards",
    "receiving_tds"
  ],
  "feature_names": [
    "snap_share_pct_roll3_mean",
    "target_share_pct_roll3_mean",
    "targets_roll3_mean",
    "receptions_roll3_mean",
    "receiving_tds_roll3_mean",
    "yards_per_target_roll3_mean",
    "ngs_avg_separation_roll3_mean",
    "opp_fpts_allowed",
    "implied_team_total",
    "spread",
    "injury_score",
    "prev_season_ppg",
    "preseason_ecr"
  ],
  "feature_medians": {
    "snap_share_pct_roll3_mean": 0.0,
    "target_share_pct_roll3_mean": 0.18119553852243062,
    "targets_roll3_mean": 3.0,
    "receptions_roll3_mean": 2.0,
    "receiving_tds_roll3_mean": 0.0,
    "yards_per_target_roll3_mean": 7.055555555555554,
    "ngs_avg_separation_roll3_mean": 0.0,
    "opp_fpts_allowed": 8.5,
    "implied_team_total": 23.0,
    "spread": 0.0,
    "injury_score": 1.0,
    "prev_season_ppg": 6.0375,
    "preseason_ecr": 300.0
  },
  "models": {
    "receptions": {
      "coef": [
        0.1671671363994587,
        0.31822509910717095,
        0.4233334239204781,
        0.17291734759367025,
        -0.07349557524458675,
        -0.058760512018433304,
        -0.06505117787775337,
        -0.001655751785023476,
        0.0,
        0.0,
        0.007591280516140331,
        0.3762388868034057,
        -0.0840943380139712
      ],
      "intercept": 2.409707096819711
    },
    "receiving_yards": {
      "coef": [
        1.698603477011874,
        6.6968521825904554,
        4.651646335102943,
        -1.7152959958009522,
        0.556472274665073,
        0.3434765561912632,
        -1.126052216037051,
        0.25863275620735104,
        0.0,
        0.0,
        -0.04815383756417328,
        5.348129721584793,
        -0.8348768772122647
      ],
      "intercept": 26.313032692913094
    },
    "receiving_tds": {
      "coef": [
        4.4924496579209954e-05,
        0.016668951164399967,
        0.03266018141692538,
        -0.0021070489416371986,
        0.005516540733605566,
        0.00032362831657521614,
        0.003183216150159846,
        0.012317905029398779,
        0.0,
        0.0,
        -0.007049861476519593,
        0.04073858069686535,
        -0.003627914823059037
      ],
      "intercept": 0.19811267646430425
    }
  },
  "scalers": {
    "receptions": {
      "mean": [
        0.1216692131406006,
        0.21059384750630378,
        3.6112272146755062,
        2.5181605325283503,
        0.20660629281319928,
        7.543392075343933,
        0.3163694962717213,
        10.03574828747247,
        23.0,
        0.0,
        0.9746516893068743,
        6.694712729504434,
        298.4607221641703
      ],
      "scale": [
        0.19671774232426034,
        0.12551861195451233,
        2.286150867644976,
        1.6443484581609185,
        0.2884537738466946,
        3.8982837567575217,
        0.8068168328816133,
        8.713613322544594,
        1.0,
        1.0,
        0.09845083573893809,
        4.261491401093779,
        19.563056430034763
      ]
    },
    "receiving_yards": {
      "mean": [
        0.1216692131406006,
        0.21059384750630378,
        3.6112272146755062,
        2.5181605325283503,
        0.20660629281319928,
        7.543392075343933,
        0.3163694962717213,
        10.03574828747247,
        23.0,
        0.0,
        0.9746516893068743,
        6.694712729504434,
        298.4607221641703
      ],
      "scale": [
        0.19671774232426034,
        0.12551861195451233,
        2.286150867644976,
        1.6443484581609185,
        0.2884537738466946,
        3.8982837567575217,
        0.8068168328816133,
        8.713613322544594,
        1.0,
        1.0,
        0.09845083573893809,
        4.261491401093779,
        19.563056430034763
      ]
    },
    "receiving_tds": {
      "mean": [
        0.1216692131406006,
        0.21059384750630378,
        3.6112272146755062,
        2.5181605325283503,
        0.20660629281319928,
        7.543392075343933,
        0.3163694962717213,
        10.03574828747247,
        23.0,
        0.0,
        0.9746516893068743,
        6.694712729504434,
        298.4607221641703
      ],
      "scale": [
        0.19671774232426034,
        0.12551861195451233,
        2.286150867644976,
        1.6443484581609185,
        0.2884537738466946,
        3.8982837567575217,
        0.8068168328816133,
        8.713613322544594,
        1.0,
        1.0,
        0.09845083573893809,
        4.261491401093779,
        19.563056430034763
      ]
    }
  }
}