{
  "position": "QB",
  "components": [
    "passing_yards",
    "passing_tds",
    "interceptions",
    "rushing_yards",
    "rushing_tds"
  ],
  "feature_names": [
    "passing_attempts_roll3_mean",
    "passing_tds_roll3_mean",
    "rushing_attempts_roll3_mean",
    "rushing_yards_roll3_mean",
    "yards_per_attempt_roll3_mean",
    "completion_pct_roll3_mean",
    "ngs_completion_percentage_above_expectation_roll3_mean",
    "opp_fpts_allowed",
    "implied_team_total",
    "spread",
    "injury_score",
    "prev_season_ppg",
    "preseason_ecr"
  ],
  "feature_medians": {
    "passing_attempts_roll3_mean": 31.333333333333332,
    "passing_tds_roll3_mean": 1.3333333333333333,
    "rushing_attempts_roll3_mean": 2.3333333333333335,
    "rushing_yards_roll3_mean": 6.666666666666667,
    "yards_per_attempt_roll3_mean": 6.94795821462488,
    "completion_pct_roll3_mean": 0.6220468675274988,
    "ngs_completion_percentage_above_expectation_roll3_mean": 0.0,
    "opp_fpts_allowed": 13.7,
    "implied_team_total": 23.0,
    "spread": 0.0,
    "injury_score": 1.0,
    "prev_season_ppg": 13.5,
    "preseason_ecr": 300.0
  },
  "models": {
    "passing_yards": {
      "coef": [
        26.7446174431798,
        6.766468587156423,
        -1.3495957446629512,
        -6.114505538443786,
        4.211641425882212,
        9.392104617241543,
        -0.426190141299529,
        -2.387169927334553,
        0.0,
        0.0,
        -3.906203390578051,
        16.817439766435292,
        -2.773104670272598
      ],
      "intercept": 203.31281555563115
    },
    "passing_tds": {
      "coef": [
        0.13201983617449373,
        0.12933249396226257,
        0.012785253442970797,
        -0.04567222703749402,
        0.019274427813504316,
        0.0384500339662067,
        0.00031164504359345425,
        -0.017138526133953075,
        0.0,
        0.0,
        -0.025863298436504145,
        0.17263358480311586,
        -0.03148921109170437
      ],
      "intercept": 1.2492213432712589
    },
    "interceptions": {
      "coef": [
        0.07565936937500617,
        0.026327817078313418,
        -0.03643954577949525,
        -0.006775014252248082,
        0.021103564351038596,
        0.018872492323945275,
        -0.0033058685962554985,
        -0.00793840265640658,
        0.0,
        0.0,
        0.007714194464136768,
        0.012662789092893265,
        0.008153253163979496
      ],
      "intercept": 0.6570531311017266
    },
    "rushing_yards": {
      "coef": [
        -2.178063608333436,
        0.3767926642540777,
        3.6226865443206244,
        5.821270126950641,
        -0.8967387416557167,
        1.0345497284993144,
        -0.08320634435762446,
        0.15533344079704245,
        0.0,
        0.0,
        0.4943370908284907,
        1.8496774308457664,
        -0.43176954898605385
      ],
      "intercept": 12.0092789141346
    },
    "rushing_tds": {
      "coef": [
        -0.0066960783458815875,
        -0.013399747677585956,
        0.10277269312654004,
        -0.011360260041742877,
        -0.007493072366193455,
        0.0051539504024945455,
        0.0034297302260180395,
        -0.0007499868437920893,
        0.0,
        0.0,
        0.013012203562497084,
        0.027293778839697393,
        -0.004500742989358595
      ],
      "intercept": 0.12270435345015485
    }
  },
  "scalers": {
    "passing_yards": {
      "mean": [
        29.14648134022663,
        1.2812243975478221,
        2.7943046020849103,
        11.462143684493107,
        6.799491675421303,
        0.5961447227184735,
        0.03989336915259391,
        13.55031782354439,
        23.0,
        0.0,
        0.9833036698025318,
        13.173517532912147,
        293.7877176031859
      ],
      "scale": [
        10.664838354850653,
        0.8173087361044656,
        2.137544654433145,
        14.445552650223316,
        2.0144422379459694,
        0.13597773631557805,
        2.711000538146169,
        8.94198521642859,
        1.0,
        1.0,
        0.07392523014342112,
        6.22615840917482,
        40.270497124554936
      ]
    },
    "passing_tds": {
      "mean": [
        29.14648134022663,
        1.2812243975478221,
        2.7943046020849103,
        11.462143684493107,
        6.799491675421303,
        0.5961447227184735,
        0.03989336915259391,
        13.55031782354439,
        23.0,
        0.0,
        0.9833036698025318,
        13.173517532912147,
        293.7877176031859
      ],
      "scale": [
        10.664838354850653,
        0.8173087361044656,
        2.137544654433145,
        14.445552650223316,
        2.0144422379459694,
        0.13597773631557805,
        2.711000538146169,
        8.94198521642859,
        1.0,
        1.0,
        0.07392523014342112,
        6.22615840917482,
        40.270497124554936
      ]
    },
    "interceptions": {
      "mean": [
        29.14648134022663,
        1.2812243975478221,
        2.7943046020849103,
        11.462143684493107,
        6.799491675421303,
        0.5961447227184735,
        0.03989336915259391,
        13.55031782354439,
        23.0,
        0.0,
        0.9833036698025318,
        13.173517532912147,
        293.7877176031859
      ],
      "scale": [
        10.664838354850653,
        0.8173087361044656,
        2.137544654433145,
        14.445552650223316,
        2.0144422379459694,
        0.13597773631557805,
        2.711000538146169,
        8.94198521642859,
        1.0,
        1.0,
        0.07392523014342112,
        6.22615840917482,
        40.270497124554936
      ]
    },
    "rushing_yards": {
      "mean": [
        29.14648134022663,
        1.2812243975478221,
        2.7943046020849103,
        11.462143684493107,
        6.799491675421303,
        0.5961447227184735,
        0.03989336915259391,
        13.55031782354439,
        23.0,
        0.0,
        0.9833036698025318,
        13.173517532912147,
        293.7877176031859
      ],
      "scale": [
        10.664838354850653,
        0.8173087361044656,
        2.137544654433145,
        14.445552650223316,
        2.0144422379459694,
        0.13597773631557805,
        2.711000538146169,
        8.94198521642859,
        1.0,
        1.0,
        0.07392523014342112,
        6.22615840917482,
        40.270497124554936
      ]
    },
    "rushing_tds": {
      "mean": [
        29.14648134022663,
        1.2812243975478221,
        2.7943046020849103,
        11.462143684493107,
        6.799491675421303,
        0.5961447227184735,
        0.03989336915259391,
        13.55031782354439,
        23.0,
        0.0,
        0.9833036698025318,
        13.173517532912147,
        293.7877176031859
      ],
      "scale": [
        10.664838354850653,
        0.8173087361044656,
        2.137544654433145,
        14.445552650223316,
        2.0144422379459694,
        0.13597773631557805,
        2.711000538146169,
        8.94198521642859,
        1.0,
        1.0,
        0.07392523014342112,
        6.22615840917482,
        40.270497124554936
      ]
    }
  }
}