{
  "position": "TE",
  "components": [
    "receptions",
    "receiving_yards",
    "receiving_tds"
  ],
  "feature_names": [
    "snap_share_pct_roll3_mean",
    "target_share_pct_roll3_mean",
    "targets_roll3_mean",
    "receptions_roll3_mean",
    "receiving_tds_roll3_mean",
    "yards_per_target_roll3_mean",
    "ngs_avg_separation_roll3_mean",
    "opp_fpts_allowed",
    "implied_team_total",
    "spread",
    "injury_score",
    "prev_season_ppg",
    "preseason_ecr"
  ],
  "feature_medians": {
    "snap_share_pct_roll3_mean": 0.0,
    "target_share_pct_roll3_mean": 0.18119553852243062,
    "targets_roll3_mean": 3.0,
    "receptions_roll3_mean": 2.0,
    "receiving_tds_roll3_mean": 0.0,
    "yards_per_target_roll3_mean": 7.055555555555554,
    "ngs_avg_separation_roll3_mean": 0.0,
    "opp_fpts_allowed": 8.5,
    "implied_team_total": 23.0,
    "spread": 0.0,
    "injury_score": 1.0,
    "prev_season_ppg": 6.1,
    "preseason_ecr": 300.0
  },
  "models": {
    "receptions": {
      "coef": [
        0.16792146705305713,
        0.31840280810846694,
        0.42432526511157914,
        0.17314051632505606,
        -0.07280587554276642,
        -0.0584174474691873,
        -0.06507517334966344,
        -0.0015821385683464633,
        0.0,
        0.0,
        0.007515593381142456,
        0.37319011750804465,
        -0.08406964189501201
      ],
      "intercept": 2.4101443890608976
    },
    "receiving_yards": {
      "coef": [
        1.7083873788836352,
        6.6955191586933855,
        4.658872219731762,
        -1.7142120575549942,
        0.5623695238919181,
        0.34655822840563255,
        -1.1261705540944211,
        0.25936290557361236,
        0.0,
        0.0,
        -0.04902155698348848,
        5.325992122397631,
        -0.834692355750025
      ],
      "intercept": 26.320260774873027
    },
    "receiving_tds": {
      "coef": [
        0.00010777168283957405,
        0.01661077803277079,
        0.03262970427372643,
        -0.0021247775284737344,
        0.00551285170723804,
        0.00032476856405667915,
        0.003185086424621515,
        0.01231953182489004,
        0.0,
        0.0,
        -0.007053881158042687,
        0.040833740729439294,
        -0.003628581359083738
      ],
      "intercept": 0.1981803288507218
    }
  },
  "scalers": {
    "receptions": {
      "mean": [
        0.1216692131406006,
        0.21059384750630378,
        3.6112272146755062,
        2.5181605325283503,
        0.20660629281319928,
        7.543392075343933,
        0.3163694962717213,
        10.03574828747247,
        23.0,
        0.0,
        0.9746516893068743,
        6.717218086100417,
        298.4607221641703
      ],
      "scale": [
        0.19671774232426034,
        0.12551861195451233,
        2.286150867644976,
        1.6443484581609185,
        0.2884537738466946,
        3.8982837567575217,
        0.8068168328816133,
        8.713613322544594,
        1.0,
        1.0,
        0.09845083573893809,
        4.2564127668182845,
        19.563056430034763
      ]
    },
    "receiving_yards": {
      "mean": [
        0.1216692131406006,
        0.21059384750630378,
        3.6112272146755062,
        2.5181605325283503,
        0.20660629281319928,
        7.543392075343933,
        0.3163694962717213,
        10.03574828747247,
        23.0,
        0.0,
        0.9746516893068743,
        6.717218086100417,
        298.4607221641703
      ],
      "scale": [
        0.19671774232426034,
        0.12551861195451233,
        2.286150867644976,
        1.6443484581609185,
        0.2884537738466946,
        3.8982837567575217,
        0.8068168328816133,
        8.713613322544594,
        1.0,
        1.0,
        0.09845083573893809,
        4.2564127668182845,
        19.563056430034763
      ]
    },
    "receiving_tds": {
      "mean": [
        0.1216692131406006,
        0.21059384750630378,
        3.6112272146755062,
        2.5181605325283503,
        0.20660629281319928,
        7.543392075343933,
        0.3163694962717213,
        10.03574828747247,
        23.0,
        0.0,
        0.9746516893068743,
        6.717218086100417,
        298.4607221641703
      ],
      "scale": [
        0.19671774232426034,
        0.12551861195451233,
        2.286150867644976,
        1.6443484581609185,
        0.2884537738466946,
        3.8982837567575217,
        0.8068168328816133,
        8.713613322544594,
        1.0,
        1.0,
        0.09845083573893809,
        4.2564127668182845,
        19.563056430034763
      ]
    }
  }
}