{
  "position": "WR",
  "components": [
    "receptions",
    "receiving_yards",
    "receiving_tds"
  ],
  "feature_names": [
    "target_share_pct_roll3_mean",
    "air_yards_share_pct_roll3_mean",
    "targets_roll3_mean",
    "receptions_roll3_mean",
    "receiving_tds_roll3_mean",
    "yards_per_target_roll3_mean",
    "ngs_avg_separation_roll3_mean",
    "opp_fpts_allowed",
    "implied_team_total",
    "spread",
    "injury_score",
    "prev_season_ppg",
    "preseason_ecr"
  ],
  "feature_medians": {
    "target_share_pct_roll3_mean": 0.26256764225884244,
    "air_yards_share_pct_roll3_mean": 0.0,
    "targets_roll3_mean": 4.333333333333333,
    "receptions_roll3_mean": 2.6666666666666665,
    "receiving_tds_roll3_mean": 0.0,
    "yards_per_target_roll3_mean": 7.666666666666667,
    "ngs_avg_separation_roll3_mean": 0.0,
    "opp_fpts_allowed": 30.8,
    "implied_team_total": 23.0,
    "spread": 0.0,
    "injury_score": 1.0,
    "prev_season_ppg": 7.9818181818181815,
    "preseason_ecr": 300.0
  },
  "models": {
    "receptions": {
      "coef": [
        0.3925502495400355,
        -0.050741770284705945,
        0.14682689979258673,
        0.4605312198191557,
        -0.03857145551613197,
        -0.02159040534515397,
        0.06855936056903147,
        0.0186398384538934,
        0.0,
        0.0,
        0.029357381844095084,
        0.45035583456728084,
        -0.0759782568937881
      ],
      "intercept": 3.0606299625050415
    },
    "receiving_yards": {
      "coef": [
        5.898519293883523,
        0.29556249901163434,
        5.889688840538297,
        -0.1681813898356331,
        -0.009512243424009154,
        1.2859288223662346,
        -0.011136841580002131,
        0.0342275703609093,
        0.0,
        0.0,
        0.3920873351580421,
        7.122171981411276,
        -1.0379969914940173
      ],
      "intercept": 37.904843385890985
    },
    "receiving_tds": {
      "coef": [
        0.01068559602295831,
        0.0006147414720606222,
        0.05913451345515058,
        -0.014967808158866674,
        0.011862687460281001,
        0.010725371186908765,
        0.001358010429086587,
        -0.004398269476181861,
        0.0,
        0.0,
        0.0026376797127784287,
        0.04882462273512826,
        -0.012699463786805363
      ],
      "intercept": 0.22961024753683715
    }
  },
  "scalers": {
    "receptions": {
      "mean": [
        0.27867084616282484,
        5.782614586807759,
        4.828467462130839,
        3.1206820682068184,
        0.24323855462469157,
        8.323129389871632,
        0.5430418500720343,
        30.166648895658675,
        23.0,
        0.0,
        0.9712287382584454,
        8.827542296277025,
        294.78566641279724
      ],
      "scale": [
        0.15080539463559575,
        11.350007536131216,
        2.8093495334177887,
        1.9135790769065613,
        0.3212266508439985,
        4.548111591997223,
        1.006674203587893,
        17.681378592678865,
        1.0,
        1.0,
        0.10667295722778869,
        5.218830775966216,
        36.2101683159697
      ]
    },
    "receiving_yards": {
      "mean": [
        0.27867084616282484,
        5.782614586807759,
        4.828467462130839,
        3.1206820682068184,
        0.24323855462469157,
        8.323129389871632,
        0.5430418500720343,
        30.166648895658675,
        23.0,
        0.0,
        0.9712287382584454,
        8.827542296277025,
        294.78566641279724
      ],
      "scale": [
        0.15080539463559575,
        11.350007536131216,
        2.8093495334177887,
        1.9135790769065613,
        0.3212266508439985,
        4.548111591997223,
        1.006674203587893,
        17.681378592678865,
        1.0,
        1.0,
        0.10667295722778869,
        5.218830775966216,
        36.2101683159697
      ]
    },
    "receiving_tds": {
      "mean": [
        0.27867084616282484,
        5.782614586807759,
        4.828467462130839,
        3.1206820682068184,
        0.24323855462469157,
        8.323129389871632,
        0.5430418500720343,
        30.166648895658675,
        23.0,
        0.0,
        0.9712287382584454,
        8.827542296277025,
        294.78566641279724
      ],
      "scale": [
        0.15080539463559575,
        11.350007536131216,
        2.8093495334177887,
        1.9135790769065613,
        0.3212266508439985,
        4.548111591997223,
        1.006674203587893,
        17.681378592678865,
        1.0,
        1.0,
        0.10667295722778869,
        5.218830775966216,
        36.2101683159697
      ]
    }
  }
}