{
  "position": "RB",
  "components": [
    "rushing_yards",
    "rushing_tds",
    "receptions",
    "receiving_yards",
    "receiving_tds"
  ],
  "feature_names": [
    "snap_share_pct_roll3_mean",
    "rush_share_pct_roll3_mean",
    "target_share_pct_roll3_mean",
    "rushing_attempts_roll3_mean",
    "targets_roll3_mean",
    "rushing_tds_roll3_mean",
    "yards_per_carry_roll3_mean",
    "ngs_rush_yards_over_expected_per_att_roll3_mean",
    "opp_fpts_allowed",
    "implied_team_total",
    "spread",
    "injury_score",
    "prev_season_ppg",
    "preseason_ecr"
  ],
  "feature_medians": {
    "snap_share_pct_roll3_mean": 0.0,
    "rush_share_pct_roll3_mean": 0.3016710290137761,
    "target_share_pct_roll3_mean": 0.1228878648233487,
    "rushing_attempts_roll3_mean": 7.666666666666667,
    "targets_roll3_mean": 2.0,
    "rushing_tds_roll3_mean": 0.0,
    "yards_per_carry_roll3_mean": 3.73931623931624,
    "ngs_rush_yards_over_expected_per_att_roll3_mean": 0.0,
    "opp_fpts_allowed": 18.9,
    "implied_team_total": 23.0,
    "spread": 0.0,
    "injury_score": 1.0,
    "prev_season_ppg": 7.94,
    "preseason_ecr": 300.0
  },
  "models": {
    "rushing_yards": {
      "coef": [
        0.11690483321875719,
        9.678802064271927,
        1.1171043995684486,
        7.704856469144946,
        -1.862615838079035,
        -0.5925770417576285,
        0.6908873740444218,
        1.7757829241774479,
        -0.059166978517633535,
        0.0,
        0.0,
        0.2304010942886707,
        4.632208262761867,
        -0.8769326434854611
      ],
      "intercept": 37.5607542489566
    },
    "rushing_tds": {
      "coef": [
        0.010207242878510379,
        0.06241478335932842,
        -0.043148100982745706,
        0.05389684319490421,
        0.016761071943906386,
        0.0218881008137275,
        -0.005197045522037378,
        0.020213770942034796,
        -0.007249809958094201,
        0.0,
        0.0,
        0.005836682178239328,
        0.05937667526863836,
        -0.00752532683217436
      ],
      "intercept": 0.25807736844987905
    },
    "receptions": {
      "coef": [
        0.04761823496155644,
        0.14304260198747526,
        0.2095097720913422,
        -0.08767273711346847,
        0.5212579965003542,
        -0.037104139098871676,
        0.08044330257247474,
        -0.011306014274381632,
        0.016327231943553663,
        0.0,
        0.0,
        -0.008551170130056168,
        0.18730938498746283,
        -0.008639880428808377
      ],
      "intercept": 1.7914974918817552
    },
    "receiving_yards": {
      "coef": [
        -0.005092115877560739,
        0.04368455681650913,
        1.5818787255885813,
        -0.0363376417042086,
        4.218341096185438,
        -0.25470299607650393,
        0.5393004349901399,
        -0.017830689953335744,
        0.11896473731960341,
        0.0,
        0.0,
        -0.06374991461176602,
        1.769147375613333,
        -0.12610403720698396
      ],
      "intercept": 13.692520711069305
    },
    "receiving_tds": {
      "coef": [
        0.0034522526799438914,
        0.008184472053570957,
        0.005624048886855192,
        -0.022793076114195124,
        0.03139888769266852,
        0.0019190969466706602,
        0.0019326947978849306,
        0.0032421531786817202,
        0.0011902428567774558,
        0.0,
        0.0,
        0.003142937777197858,
        0.014549389521409216,
        0.0009629851627962989
      ],
      "intercept": 0.06347814337992247
    }
  },
  "scalers": {
    "rushing_yards": {
      "mean": [
        0.09801629243316372,
        0.3435751530636924,
        0.14015740949507563,
        8.967657756324533,
        2.38383428656418,
        0.26822969483090975,
        3.7471748778245355,
        0.02547061932287947,
        19.19475925850802,
        23.0,
        0.0,
        0.9750537459944191,
        8.841645011209337,
        293.8202782622814
      ],
      "scale": [
        0.1621814868122247,
        0.24304915733487273,
        0.103557537274258,
        6.524503680443047,
        1.8267637360436784,
        0.37243803089667943,
        1.9961293081165743,
        0.36547033145429236,
        12.031051920552546,
        1.0,
        1.0,
        0.09663297913620927,
        5.64419865303074,
        36.53290336854868
      ]
    },
    "rushing_tds": {
      "mean": [
        0.09801629243316372,
        0.3435751530636924,
        0.14015740949507563,
        8.967657756324533,
        2.38383428656418,
        0.26822969483090975,
        3.7471748778245355,
        0.02547061932287947,
        19.19475925850802,
        23.0,
        0.0,
        0.9750537459944191,
        8.841645011209337,
        293.8202782622814
      ],
      "scale": [
        0.1621814868122247,
        0.24304915733487273,
        0.103557537274258,
        6.524503680443047,
        1.8267637360436784,
        0.37243803089667943,
        1.9961293081165743,
        0.36547033145429236,
        12.031051920552546,
        1.0,
        1.0,
        0.09663297913620927,
        5.64419865303074,
        36.53290336854868
      ]
    },
    "receptions": {
      "mean": [
        0.09801629243316372,
        0.3435751530636924,
        0.14015740949507563,
        8.967657756324533,
        2.38383428656418,
        0.26822969483090975,
        3.7471748778245355,
        0.02547061932287947,
        19.19475925850802,
        23.0,
        0.0,
        0.9750537459944191,
        8.841645011209337,
        293.8202782622814
      ],
      "scale": [
        0.1621814868122247,
        0.24304915733487273,
        0.103557537274258,
        6.524503680443047,
        1.8267637360436784,
        0.37243803089667943,
        1.9961293081165743,
        0.36547033145429236,
        12.031051920552546,
        1.0,
        1.0,
        0.09663297913620927,
        5.64419865303074,
        36.53290336854868
      ]
    },
    "receiving_yards": {
      "mean": [
        0.09801629243316372,
        0.3435751530636924,
        0.14015740949507563,
        8.967657756324533,
        2.38383428656418,
        0.26822969483090975,
        3.7471748778245355,
        0.02547061932287947,
        19.19475925850802,
        23.0,
        0.0,
        0.9750537459944191,
        8.841645011209337,
        293.8202782622814
      ],
      "scale": [
        0.1621814868122247,
        0.24304915733487273,
        0.103557537274258,
        6.524503680443047,
        1.8267637360436784,
        0.37243803089667943,
        1.9961293081165743,
        0.36547033145429236,
        12.031051920552546,
        1.0,
        1.0,
        0.09663297913620927,
        5.64419865303074,
        36.53290336854868
      ]
    },
    "receiving_tds": {
      "mean": [
        0.09801629243316372,
        0.3435751530636924,
        0.14015740949507563,
        8.967657756324533,
        2.38383428656418,
        0.26822969483090975,
        3.7471748778245355,
        0.02547061932287947,
        19.19475925850802,
        23.0,
        0.0,
        0.9750537459944191,
        8.841645011209337,
        293.8202782622814
      ],
      "scale": [
        0.1621814868122247,
        0.24304915733487273,
        0.103557537274258,
        6.524503680443047,
        1.8267637360436784,
        0.37243803089667943,
        1.9961293081165743,
        0.36547033145429236,
        12.031051920552546,
        1.0,
        1.0,
        0.09663297913620927,
        5.64419865303074,
        36.53290336854868
      ]
    }
  }
}