{
  "position": "QB",
  "components": [
    "passing_yards",
    "passing_tds",
    "interceptions",
    "rushing_yards",
    "rushing_tds"
  ],
  "feature_names": [
    "passing_attempts_roll3_mean",
    "passing_tds_roll3_mean",
    "rushing_attempts_roll3_mean",
    "rushing_yards_roll3_mean",
    "yards_per_attempt_roll3_mean",
    "completion_pct_roll3_mean",
    "ngs_completion_percentage_above_expectation_roll3_mean",
    "opp_fpts_allowed",
    "implied_team_total",
    "spread",
    "injury_score",
    "prev_season_ppg",
    "preseason_ecr"
  ],
  "feature_medians": {
    "passing_attempts_roll3_mean": 31.333333333333332,
    "passing_tds_roll3_mean": 1.3333333333333333,
    "rushing_attempts_roll3_mean": 2.3333333333333335,
    "rushing_yards_roll3_mean": 6.666666666666667,
    "yards_per_attempt_roll3_mean": 6.94795821462488,
    "completion_pct_roll3_mean": 0.6220468675274988,
    "ngs_completion_percentage_above_expectation_roll3_mean": 0.0,
    "opp_fpts_allowed": 13.7,
    "implied_team_total": 23.0,
    "spread": 0.0,
    "injury_score": 1.0,
    "prev_season_ppg": 13.5,
    "preseason_ecr": 300.0
  },
  "models": {
    "passing_yards": {
      "coef": [
        26.50992468096321,
        6.520328653348309,
        -1.5457652219937683,
        -6.14984686017457,
        4.096449195836553,
        9.39427177906568,
        -0.4358405110227332,
        -2.3262145800138394,
        0.0,
        0.0,
        -3.8875741595380817,
        17.59194216457054,
        -2.7455883839276507
      ],
      "intercept": 203.3281808030182
    },
    "passing_tds": {
      "coef": [
        0.13082549427718965,
        0.12803480081905255,
        0.011389879279445625,
        -0.04567036479653632,
        0.018598952673971807,
        0.03836055766365039,
        0.00028557231134323,
        -0.016595049360034,
        0.0,
        0.0,
        -0.025716941530727764,
        0.17698214597368608,
        -0.03127694512496202
      ],
      "intercept": 1.249380729723703
    },
    "interceptions": {
      "coef": [
        0.07446428139227622,
        0.0251122431997334,
        -0.03710560088894341,
        -0.00710730625706694,
        0.020591821413712658,
        0.018967780672225293,
        -0.0033743219464919955,
        -0.007823565205986836,
        0.0,
        0.0,
        0.007765839981019564,
        0.01626535007638892,
        0.008232814150958296
      ],
      "intercept": 0.6570633090134975
    },
    "rushing_yards": {
      "coef": [
        -2.1871072027038267,
        0.36668544981919216,
        3.6096461839349137,
        5.822416647184146,
        -0.90240976267819,
        1.0332458727681946,
        -0.08326019942216621,
        0.16090243036851415,
        0.0,
        0.0,
        0.4957665871849492,
        1.8851421985902364,
        -0.42971209113800557
      ],
      "intercept": 12.010991783612226
    },
    "rushing_tds": {
      "coef": [
        -0.00653953026289225,
        -0.013255515149556092,
        0.10272787618807498,
        -0.011256295343838955,
        -0.007455727288144959,
        0.005108040858746653,
        0.0034463593274313567,
        -0.0006874427726908076,
        0.0,
        0.0,
        0.013022584811962109,
        0.026957284935298934,
        -0.0044871393374720115
      ],
      "intercept": 0.12273002472566857
    }
  },
  "scalers": {
    "passing_yards": {
      "mean": [
        29.14648134022663,
        1.2812243975478221,
        2.7943046020849103,
        11.462143684493107,
        6.799491675421303,
        0.5961447227184735,
        0.03989336915259391,
        13.55031782354439,
        23.0,
        0.0,
        0.9833036698025318,
        13.166323625877911,
        293.7877176031859
      ],
      "scale": [
        10.664838354850653,
        0.8173087361044656,
        2.137544654433145,
        14.445552650223316,
        2.0144422379459694,
        0.13597773631557805,
        2.711000538146169,
        8.94198521642859,
        1.0,
        1.0,
        0.07392523014342112,
        6.239989440340942,
        40.270497124554936
      ]
    },
    "passing_tds": {
      "mean": [
        29.14648134022663,
        1.2812243975478221,
        2.7943046020849103,
        11.462143684493107,
        6.799491675421303,
        0.5961447227184735,
        0.03989336915259391,
        13.55031782354439,
        23.0,
        0.0,
        0.9833036698025318,
        13.166323625877911,
        293.7877176031859
      ],
      "scale": [
        10.664838354850653,
        0.8173087361044656,
        2.137544654433145,
        14.445552650223316,
        2.0144422379459694,
        0.13597773631557805,
        2.711000538146169,
        8.94198521642859,
        1.0,
        1.0,
        0.07392523014342112,
        6.239989440340942,
        40.270497124554936
      ]
    },
    "interceptions": {
      "mean": [
        29.14648134022663,
        1.2812243975478221,
        2.7943046020849103,
        11.462143684493107,
        6.799491675421303,
        0.5961447227184735,
        0.03989336915259391,
        13.55031782354439,
        23.0,
        0.0,
        0.9833036698025318,
        13.166323625877911,
        293.7877176031859
      ],
      "scale": [
        10.664838354850653,
        0.8173087361044656,
        2.137544654433145,
        14.445552650223316,
        2.0144422379459694,
        0.13597773631557805,
        2.711000538146169,
        8.94198521642859,
        1.0,
        1.0,
        0.07392523014342112,
        6.239989440340942,
        40.270497124554936
      ]
    },
    "rushing_yards": {
      "mean": [
        29.14648134022663,
        1.2812243975478221,
        2.7943046020849103,
        11.462143684493107,
        6.799491675421303,
        0.5961447227184735,
        0.03989336915259391,
        13.55031782354439,
        23.0,
        0.0,
        0.9833036698025318,
        13.166323625877911,
        293.7877176031859
      ],
      "scale": [
        10.664838354850653,
        0.8173087361044656,
        2.137544654433145,
        14.445552650223316,
        2.0144422379459694,
        0.13597773631557805,
        2.711000538146169,
        8.94198521642859,
        1.0,
        1.0,
        0.07392523014342112,
        6.239989440340942,
        40.270497124554936
      ]
    },
    "rushing_tds": {
      "mean": [
        29.14648134022663,
        1.2812243975478221,
        2.7943046020849103,
        11.462143684493107,
        6.799491675421303,
        0.5961447227184735,
        0.03989336915259391,
        13.55031782354439,
        23.0,
        0.0,
        0.9833036698025318,
        13.166323625877911,
        293.7877176031859
      ],
      "scale": [
        10.664838354850653,
        0.8173087361044656,
        2.137544654433145,
        14.445552650223316,
        2.0144422379459694,
        0.13597773631557805,
        2.711000538146169,
        8.94198521642859,
        1.0,
        1.0,
        0.07392523014342112,
        6.239989440340942,
        40.270497124554936
      ]
    }
  }
}