{
  "qb_target": "fp",
  "selection_method": "holdout_owner_fp_objective",
  "rmse_fp_model": 7.223637396041074,
  "rmse_util_model_as_fp": 8.219999728131429,
  "mae_fp_model": 5.806653345783542,
  "mae_util_model_as_fp": 6.719223512016003,
  "r2_fp_model": 0.28323405199643403,
  "r2_util_model_as_fp": 0.07186939045393737
}