{
  "qb_target": "fp",
  "selection_method": "holdout_owner_fp_objective",
  "rmse_fp_model": 6.981567554736022,
  "rmse_util_model_as_fp": 7.689180712544643,
  "mae_fp_model": 5.468789731031117,
  "mae_util_model_as_fp": 6.167411863635433,
  "r2_fp_model": 0.28397107533746246,
  "r2_util_model_as_fp": 0.13147002246436923
}