{
  "player_emb_0": {
    "grid": [
      -6.3271748206128615,
      -5.520051837232085,
      -4.7129288538513086,
      -3.905805870470532,
      -3.0986828870897556,
      -2.291559903708979,
      -1.4844369203282026,
      -0.6773139369474261,
      0.12980904643335034,
      0.9369320298141268,
      1.7440550131949033,
      2.5511779965756807,
      3.3583009799564563,
      4.165423963337232,
      4.972546946718009,
      5.779669930098787,
      6.586792913479562,
      7.393915896860338,
      8.201038880241114,
      9.008161863621893
    ],
    "predictions": [
      11.36077362124961,
      11.546993022865975,
      11.729266531035115,
      11.915940553540343,
      12.110667233256612,
      12.305167810403379,
      12.429714424213222,
      12.798837618316448,
      13.763244489739417,
      14.120330561016537,
      14.334846565793114,
      15.045914810632242,
      15.342444752457514,
      15.624892916802409,
      15.920617630543099,
      16.12662543569098,
      16.33923232035311,
      16.84343456402367,
      17.029818227875825,
      17.217267707371494
    ]
  },
  "int_rate_roll3_mean": {
    "grid": [
      0.0,
      0.05263157894736842,
      0.10526315789473684,
      0.15789473684210525,
      0.21052631578947367,
      0.2631578947368421,
      0.3157894736842105,
      0.3684210526315789,
      0.42105263157894735,
      0.47368421052631576,
      0.5263157894736842,
      0.5789473684210527,
      0.631578947368421,
      0.6842105263157894,
      0.7368421052631579,
      0.7894736842105263,
      0.8421052631578947,
      0.894736842105263,
      0.9473684210526315,
      1.0
    ],
    "predictions": [
      14.672729531541638,
      14.638182961162254,
      14.548369329181208,
      14.485483927785829,
      14.458760752635913,
      14.430085629235723,
      14.400441496981994,
      14.37142633373205,
      14.342830624319525,
      14.313568003626711,
      14.283664719822694,
      14.25376143601868,
      14.223858152214664,
      14.194017352050624,
      14.164114068246608,
      14.134210784442592,
      14.104307500638576,
      14.074404216834557,
      14.044586088390323,
      14.01488507904691
    ]
  },
  "ngs_avg_air_yards_to_sticks_roll3_mean": {
    "grid": [
      -5.401000000000001,
      -4.822000000000001,
      -4.243,
      -3.6640000000000006,
      -3.085000000000001,
      -2.506000000000001,
      -1.927000000000001,
      -1.3480000000000008,
      -0.769000000000001,
      -0.19000000000000128,
      0.38899999999999846,
      0.9679999999999991,
      1.5469999999999988,
      2.1259999999999986,
      2.704999999999999,
      3.283999999999998,
      3.8629999999999987,
      4.441999999999999,
      5.020999999999998,
      5.599999999999999
    ],
    "predictions": [
      14.4382871552318,
      14.455226774578824,
      14.470531269972707,
      14.455189618527045,
      14.470844404760888,
      14.486215269794569,
      14.572193159774251,
      14.570749292592307,
      14.592353623053848,
      14.61198836683036,
      14.735070066731742,
      14.787980643570968,
      14.8126852915684,
      14.851741671389007,
      14.869955895167324,
      14.886996000465064,
      14.903935619812088,
      14.92087523915911,
      14.937814858506137,
      14.954754477853157
    ]
  },
  "opp_fpts_allowed_s2d_lag1": {
    "grid": [
      0.0,
      2.2263157894736842,
      4.4526315789473685,
      6.678947368421053,
      8.905263157894737,
      11.131578947368421,
      13.357894736842105,
      15.58421052631579,
      17.810526315789474,
      20.03684210526316,
      22.263157894736842,
      24.489473684210527,
      26.71578947368421,
      28.942105263157895,
      31.16842105263158,
      33.39473684210526,
      35.62105263157895,
      37.847368421052636,
      40.07368421052632,
      42.3
    ],
    "predictions": [
      15.07259102340511,
      15.009092667364294,
      14.942753371643683,
      14.879076155937199,
      14.815240419520972,
      14.730318658322345,
      14.67974099896381,
      14.583098231588675,
      14.502436574678905,
      14.423391081238954,
      14.327053275585225,
      14.269682677620153,
      14.20746138728831,
      14.146466933957457,
      14.081526711322821,
      14.019069208481314,
      13.95702062425956,
      13.8949720400378,
      13.832923455816045,
      13.770874871594287
    ]
  },
  "opp_defense_week": {
    "grid": [
      0.0,
      1.105263157894737,
      2.210526315789474,
      3.3157894736842106,
      4.421052631578948,
      5.526315789473685,
      6.631578947368421,
      7.736842105263158,
      8.842105263157896,
      9.947368421052632,
      11.05263157894737,
      12.157894736842106,
      13.263157894736842,
      14.36842105263158,
      15.473684210526317,
      16.578947368421055,
      17.68421052631579,
      18.789473684210527,
      19.894736842105264,
      21.0
    ],
    "predictions": [
      14.451520420033772,
      14.463470063247282,
      14.465895404884721,
      14.466373596477217,
      14.476408163102098,
      14.48378619917875,
      14.490155415076169,
      14.499607401600075,
      14.512599096423116,
      14.52655556882138,
      14.556706947369772,
      14.604496765134394,
      14.699314116700725,
      14.715865548401581,
      14.858604207656455,
      14.947114404711982,
      14.973050570034097,
      14.984348820555619,
      14.99655151992929,
      15.00875421930296
    ]
  }
}