{
  "_metadata": {
    "source": "train.py primary pipeline",
    "authoritative": true,
    "description": "Single source of truth for model performance. Other result files (ml_evaluation_results.json, model_comparison_results.json) are from secondary/exploratory pipelines and may not reflect production model accuracy."
  },
  "timestamp": "2026-05-09T21:17:20.983270",
  "train_seasons": [
    2006,
    2007,
    2008,
    2009,
    2010,
    2011,
    2012,
    2013,
    2014,
    2015,
    2016,
    2017,
    2018,
    2019,
    2020,
    2021,
    2022,
    2023,
    2024
  ],
  "test_season": 2025,
  "backtest_results": {
    "QB": {
      "rmse": 6.95,
      "mae": 5.7,
      "r2": 0.127,
      "mape": 84.8,
      "correlation": 0.383,
      "directional_accuracy_pct": 62.9,
      "within_3_pts_pct": 28.5,
      "within_5_pts_pct": 50.3,
      "within_7_pts_pct": 66.0,
      "within_10_pts_pct": 86.2,
      "spearman_rho": -0.172,
      "tier_classification_accuracy": 0.314,
      "boom_bust": {
        "boom_prevalence": 0.14937106918238993,
        "bust_prevalence": 0.1761006289308176,
        "boom_precision": 0.25,
        "boom_recall": 0.010526315789473684,
        "boom_f1": 0.020202020202020204,
        "bust_precision": 0.35294117647058826,
        "bust_recall": 0.05357142857142857,
        "bust_f1": 0.09302325581395349
      },
      "vor_rank_correlation": 0.4,
      "mae_rmse_ratio": 0.821,
      "spearman_top50": -0.172
    },
    "WR": {
      "rmse": 7.06,
      "mae": 5.14,
      "r2": -0.146,
      "mape": 85.4,
      "correlation": 0.383,
      "directional_accuracy_pct": 68.2,
      "within_3_pts_pct": 42.4,
      "within_5_pts_pct": 61.1,
      "within_7_pts_pct": 75.2,
      "within_10_pts_pct": 86.0,
      "spearman_rho": 0.074,
      "tier_classification_accuracy": 0.495,
      "boom_bust": {
        "boom_prevalence": 0.060109289617486336,
        "bust_prevalence": 0.4414086217364906,
        "boom_precision": 0.20958083832335328,
        "boom_recall": 0.17676767676767677,
        "boom_f1": 0.1917808219178082,
        "bust_precision": 0.5684754521963824,
        "bust_recall": 0.6052269601100413,
        "bust_f1": 0.586275816122585
      },
      "vor_rank_correlation": 0.368,
      "mae_rmse_ratio": 0.729,
      "spearman_top50": 0.074
    },
    "TE": {
      "rmse": 6.59,
      "mae": 4.73,
      "r2": -0.24,
      "mape": 76.9,
      "correlation": 0.311,
      "directional_accuracy_pct": 59.8,
      "within_3_pts_pct": 45.8,
      "within_5_pts_pct": 66.8,
      "within_7_pts_pct": 77.5,
      "within_10_pts_pct": 87.5,
      "spearman_rho": 0.276,
      "tier_classification_accuracy": 0.512,
      "boom_bust": {
        "boom_prevalence": 0.05115089514066496,
        "bust_prevalence": 0.44501278772378516,
        "boom_precision": 0.1111111111111111,
        "boom_recall": 0.05,
        "boom_f1": 0.06896551724137932,
        "bust_precision": 0.56,
        "bust_recall": 0.6436781609195402,
        "bust_f1": 0.5989304812834224
      },
      "vor_rank_correlation": 0.336,
      "mae_rmse_ratio": 0.718,
      "spearman_top50": 0.276
    },
    "RB": {
      "rmse": 8.35,
      "mae": 6.1,
      "r2": -0.115,
      "mape": 65.3,
      "correlation": 0.413,
      "directional_accuracy_pct": 68.2,
      "within_3_pts_pct": 37.5,
      "within_5_pts_pct": 53.8,
      "within_7_pts_pct": 67.8,
      "within_10_pts_pct": 80.9,
      "spearman_rho": -0.326,
      "tier_classification_accuracy": 0.427,
      "boom_bust": {
        "boom_prevalence": 0.10899653979238755,
        "bust_prevalence": 0.29325259515570934,
        "boom_precision": 0.2,
        "boom_recall": 0.031746031746031744,
        "boom_f1": 0.0547945205479452,
        "bust_precision": 0.44333333333333336,
        "bust_recall": 0.7846607669616519,
        "bust_f1": 0.5665601703940363
      },
      "vor_rank_correlation": 0.445,
      "mae_rmse_ratio": 0.731,
      "spearman_top50": -0.326
    }
  },
  "success_criteria": {
    "spearman_rho": 0.094,
    "spearman_gt_065": false,
    "mape": 80.5,
    "mape_lt_25": "False",
    "within_7_pts_pct": 72.7,
    "within_7_pts_pct_ge_70": "True",
    "within_10_pts_pct": 85.0,
    "within_10_pts_pct_ge_80": "True",
    "tier_accuracy": 0.461,
    "tier_accuracy_ge_075": false,
    "beat_all_baselines_by_20_pct": false,
    "beat_all_baselines_by_25_pct": false,
    "model_has_real_edge": false,
    "beat_primary_baseline_by_25_pct": "False",
    "position_benchmarks": {
      "QB": {
        "rmse_target": 7.5,
        "rmse_actual": 6.95,
        "rmse_pass": "True",
        "r2_target": 0.5,
        "r2_actual": 0.127,
        "r2_pass": "False",
        "mape_target": 25.0,
        "mape_actual": 84.8,
        "mape_pass": "False"
      },
      "WR": {
        "rmse_target": 8.0,
        "rmse_actual": 7.06,
        "rmse_pass": "True",
        "r2_target": 0.5,
        "r2_actual": -0.146,
        "r2_pass": "False",
        "mape_target": 25.0,
        "mape_actual": 85.4,
        "mape_pass": "False"
      },
      "TE": {
        "rmse_target": 7.0,
        "rmse_actual": 6.59,
        "rmse_pass": "True",
        "r2_target": 0.5,
        "r2_actual": -0.24,
        "r2_pass": "False",
        "mape_target": 25.0,
        "mape_actual": 76.9,
        "mape_pass": "False"
      },
      "RB": {
        "rmse_target": 8.5,
        "rmse_actual": 8.35,
        "rmse_pass": "True",
        "r2_target": 0.5,
        "r2_actual": -0.115,
        "r2_pass": "False",
        "mape_target": 25.0,
        "mape_actual": 65.3,
        "mape_pass": "False"
      }
    },
    "all_positions_meet_rmse": true,
    "all_positions_meet_r2": false,
    "avg_weekly_rmse": 7.24,
    "max_weekly_rmse": 8.05,
    "season_stability_ok": "True",
    "max_degradation_pct": 11.1,
    "confidence_band_coverage_10pt": 80.60982289574584,
    "confidence_band_target_882": false,
    "beat_expert_pct": 5.1,
    "beat_expert_by_5_pct": "True",
    "beat_expert_by_15_pct": "False",
    "expert_by_position": {
      "QB": {
        "beat_pct": 7.3,
        "target_pct": 10.0,
        "pass": "False",
        "n_matched": 0
      },
      "RB": {
        "beat_pct": 1.8,
        "target_pct": 12.5,
        "pass": "False",
        "n_matched": 0
      },
      "WR": {
        "beat_pct": 11.8,
        "target_pct": 10.0,
        "pass": "True",
        "n_matched": 0
      },
      "TE": {
        "beat_pct": -1.4,
        "target_pct": 15.0,
        "pass": "False",
        "n_matched": 0
      }
    },
    "all_positions_beat_expert": false,
    "mae_rmse_ratio": 0.737,
    "mae_rmse_healthy": "True",
    "pred_std": 5.94,
    "actual_std": 7.14,
    "prediction_variance_ratio": 0.832,
    "prediction_variance_ok": "True",
    "prediction_speed_ok": null,
    "boom_f1": 0.12832550860719877,
    "bust_f1": 0.5688568856885687,
    "boom_prevalence": 0.08015336863246303,
    "bust_prevalence": 0.37958736534599236,
    "lineup_win_rate": 0.5714,
    "lineup_wins": 12,
    "lineup_losses": 9,
    "lineup_n_weeks": 21,
    "lineup_avg_margin": 2.61,
    "lineup_p_value": 0.3318,
    "lineup_win_rate_significant": false,
    "lineup_vs_replacement": {
      "win_rate": 0.9524,
      "wins": 20,
      "losses": 1,
      "p_value": 0.0,
      "significant_at_05": true,
      "avg_margin": 33.23,
      "worst_loss": 0.0,
      "best_win": 91.0,
      "roi": 0.7143
    },
    "lineup_vs_hindsight": {
      "win_rate": 0.5714,
      "wins": 12,
      "losses": 9,
      "p_value": 0.3318,
      "significant_at_05": false,
      "avg_margin": 2.61,
      "worst_loss": -46.4,
      "best_win": 48.4,
      "roi": 0.0286
    },
    "lineup_vs_oracle": {
      "win_rate": 0.0,
      "wins": 0,
      "losses": 21,
      "p_value": 1.0,
      "significant_at_05": false,
      "avg_margin": -81.14,
      "worst_loss": -108.0,
      "best_win": 0.0,
      "roi": -1.0
    },
    "accuracy_passed": 0,
    "accuracy_total": 4,