{
  "_metadata": {
    "source": "train.py primary pipeline",
    "authoritative": true,
    "description": "Single source of truth for model performance. Other result files (ml_evaluation_results.json, model_comparison_results.json) are from secondary/exploratory pipelines and may not reflect production model accuracy."
  },
  "timestamp": "2026-05-09T23:04:07.043646",
  "train_seasons": [
    2018,
    2019,
    2020,
    2021,
    2022,
    2023,
    2024
  ],
  "test_season": 2025,
  "backtest_results": {
    "QB": {
      "rmse": 6.9,
      "mae": 5.66,
      "r2": 0.139,
      "mape": 83.5,
      "correlation": 0.396,
      "directional_accuracy_pct": 63.8,
      "within_3_pts_pct": 28.9,
      "within_5_pts_pct": 50.0,
      "within_7_pts_pct": 67.0,
      "within_10_pts_pct": 85.8,
      "spearman_rho": -0.188,
      "tier_classification_accuracy": 0.308,
      "boom_bust": {
        "boom_prevalence": 0.14937106918238993,
        "bust_prevalence": 0.1761006289308176,
        "boom_precision": 0.25,
        "boom_recall": 0.010526315789473684,
        "boom_f1": 0.020202020202020204,
        "bust_precision": 0.4444444444444444,
        "bust_recall": 0.07142857142857142,
        "bust_f1": 0.12307692307692308
      },
      "vor_rank_correlation": 0.408,
      "mae_rmse_ratio": 0.821,
      "spearman_top50": -0.188
    },
    "WR": {
      "rmse": 7.11,
      "mae": 5.2,
      "r2": -0.168,
      "mape": 87.6,
      "correlation": 0.38,
      "directional_accuracy_pct": 67.3,
      "within_3_pts_pct": 42.2,
      "within_5_pts_pct": 61.2,
      "within_7_pts_pct": 74.5,
      "within_10_pts_pct": 86.1,
      "spearman_rho": -0.004,
      "tier_classification_accuracy": 0.484,
      "boom_bust": {
        "boom_prevalence": 0.060109289617486336,
        "bust_prevalence": 0.4414086217364906,
        "boom_precision": 0.20555555555555555,
        "boom_recall": 0.18686868686868688,
        "boom_f1": 0.19576719576719576,
        "bust_precision": 0.5731382978723404,
        "bust_recall": 0.5928473177441541,
        "bust_f1": 0.5828262339418526
      },
      "vor_rank_correlation": 0.359,
      "mae_rmse_ratio": 0.731,
      "spearman_top50": -0.004
    },
    "TE": {
      "rmse": 6.29,
      "mae": 4.63,
      "r2": -0.13,
      "mape": 84.5,
      "correlation": 0.304,
      "directional_accuracy_pct": 59.8,
      "within_3_pts_pct": 43.5,
      "within_5_pts_pct": 69.3,
      "within_7_pts_pct": 80.3,
      "within_10_pts_pct": 89.5,
      "spearman_rho": 0.231,
      "tier_classification_accuracy": 0.509,
      "boom_bust": {
        "boom_prevalence": 0.05115089514066496,
        "bust_prevalence": 0.44501278772378516,
        "boom_precision": 0.2727272727272727,
        "boom_recall": 0.15,
        "boom_f1": 0.19354838709677416,
        "bust_precision": 0.5493827160493827,
        "bust_recall": 0.5114942528735632,
        "bust_f1": 0.5297619047619049
      },
      "vor_rank_correlation": 0.305,
      "mae_rmse_ratio": 0.737,
      "spearman_top50": 0.231
    },
    "RB": {
      "rmse": 7.98,
      "mae": 5.82,
      "r2": -0.012,
      "mape": 65.5,
      "correlation": 0.432,
      "directional_accuracy_pct": 68.9,
      "within_3_pts_pct": 37.1,
      "within_5_pts_pct": 56.1,
      "within_7_pts_pct": 70.2,
      "within_10_pts_pct": 82.9,
      "spearman_rho": -0.241,
      "tier_classification_accuracy": 0.43,
      "boom_bust": {
        "boom_prevalence": 0.10899653979238755,
        "bust_prevalence": 0.29325259515570934,
        "boom_precision": 0.2222222222222222,
        "boom_recall": 0.031746031746031744,
        "boom_f1": 0.05555555555555555,
        "bust_precision": 0.4709193245778612,
        "bust_recall": 0.7404129793510325,
        "bust_f1": 0.5756880733944953
      },
      "vor_rank_correlation": 0.473,
      "mae_rmse_ratio": 0.729,
      "spearman_top50": -0.241
    }
  },
  "success_criteria": {
    "spearman_rho": -0.096,
    "spearman_gt_065": false,
    "mape": 82.2,
    "mape_lt_25": "False",
    "within_7_pts_pct": 73.1,
    "within_7_pts_pct_ge_70": "True",
    "within_10_pts_pct": 85.6,
    "within_10_pts_pct_ge_80": "True",
    "tier_accuracy": 0.454,
    "tier_accuracy_ge_075": false,
    "beat_all_baselines_by_20_pct": false,
    "beat_all_baselines_by_25_pct": false,
    "model_has_real_edge": true,
    "beat_primary_baseline_by_25_pct": "False",
    "position_benchmarks": {
      "QB": {
        "rmse_target": 7.5,
        "rmse_actual": 6.9,
        "rmse_pass": "True",
        "r2_target": 0.5,
        "r2_actual": 0.139,
        "r2_pass": "False",
        "mape_target": 25.0,
        "mape_actual": 83.5,
        "mape_pass": "False"
      },
      "WR": {
        "rmse_target": 8.0,
        "rmse_actual": 7.11,
        "rmse_pass": "True",
        "r2_target": 0.5,
        "r2_actual": -0.168,
        "r2_pass": "False",
        "mape_target": 25.0,
        "mape_actual": 87.6,
        "mape_pass": "False"
      },
      "TE": {
        "rmse_target": 7.0,
        "rmse_actual": 6.29,
        "rmse_pass": "True",
        "r2_target": 0.5,
        "r2_actual": -0.13,
        "r2_pass": "False",
        "mape_target": 25.0,
        "mape_actual": 84.5,
        "mape_pass": "False"
      },
      "RB": {
        "rmse_target": 8.5,
        "rmse_actual": 7.98,
        "rmse_pass": "True",
        "r2_target": 0.5,
        "r2_actual": -0.012,
        "r2_pass": "False",
        "mape_target": 25.0,
        "mape_actual": 65.5,
        "mape_pass": "False"
      }
    },
    "all_positions_meet_rmse": true,
    "all_positions_meet_r2": false,
    "avg_weekly_rmse": 7.17,
    "max_weekly_rmse": 7.92,
    "season_stability_ok": "True",
    "max_degradation_pct": 10.4,
    "confidence_band_coverage_10pt": 80.57330655468323,
    "confidence_band_target_882": false,
    "beat_expert_pct": 7.3,
    "beat_expert_by_5_pct": "True",
    "beat_expert_by_15_pct": "False",
    "expert_by_position": {
      "QB": {
        "beat_pct": 8.0,
        "target_pct": 10.0,
        "pass": "False",
        "n_matched": 0
      },
      "RB": {
        "beat_pct": 6.1,
        "target_pct": 12.5,
        "pass": "False",
        "n_matched": 0
      },
      "WR": {
        "beat_pct": 11.1,
        "target_pct": 10.0,
        "pass": "True",
        "n_matched": 0
      },
      "TE": {
        "beat_pct": 3.2,
        "target_pct": 15.0,
        "pass": "False",
        "n_matched": 0
      }
    },
    "all_positions_beat_expert": false,
    "mae_rmse_ratio": 0.74,
    "mae_rmse_healthy": "True",
    "pred_std": 5.9,
    "actual_std": 7.14,
    "prediction_variance_ratio": 0.826,
    "prediction_variance_ok": "True",
    "prediction_speed_ok": null,
    "boom_f1": 0.1380368098159509,
    "bust_f1": 0.563314711359404,
    "boom_prevalence": 0.08015336863246303,
    "bust_prevalence": 0.37958736534599236,
    "lineup_win_rate": 0.619,
    "lineup_wins": 13,
    "lineup_losses": 8,
    "lineup_n_weeks": 21,
    "lineup_avg_margin": 2.3,
    "lineup_p_value": 0.1917,
    "lineup_win_rate_significant": false,
    "lineup_vs_replacement": {
      "win_rate": 0.8095,
      "wins": 17,
      "losses": 4,
      "p_value": 0.0036,
      "significant_at_05": true,
      "avg_margin": 29.31,
      "worst_loss": -18.8,
      "best_win": 75.6,
      "roi": 0.4571
    },
    "lineup_vs_hindsight": {
      "win_rate": 0.619,
      "wins": 13,
      "losses": 8,
      "p_value": 0.1917,
      "significant_at_05": false,
      "avg_margin": 2.3,
      "worst_loss": -46.4,
      "best_win": 44.3,
      "roi": 0.1143
    },
    "lineup_vs_oracle": {
      "win_rate": 0.0,
      "wins": 0,
      "losses": 21,
      "p_value": 1.0,
      "significant_at_05": false,
      "avg_margin": -81.3,
      "worst_loss": -111.36,
      "best_win": 0.0,
      "roi": -1.0
    },
    "accuracy_passed": 0,
    "accuracy_total": 4,
    "reliability_passed": 0,
    "reliability_total": 4,
    "all_criteria_met": false
  },