{
  "_metadata": {
    "source": "train.py primary pipeline",
    "authoritative": true,
    "description": "Single source of truth for model performance. Other result files (ml_evaluation_results.json, model_comparison_results.json) are from secondary/exploratory pipelines and may not reflect production model accuracy."
  },
  "timestamp": "2026-05-18T22:43:05.115890",
  "train_seasons": [
    2018,
    2019,
    2020,
    2021,
    2022,
    2023,
    2024
  ],
  "test_season": 2025,
  "backtest_results": {
    "QB": {
      "rmse": 7.81,
      "mae": 6.43,
      "r2": -0.097,
      "mape": 107.6,
      "correlation": 0.418,
      "directional_accuracy_pct": 57.8,
      "within_3_pts_pct": 26.4,
      "within_5_pts_pct": 43.9,
      "within_7_pts_pct": 60.1,
      "within_10_pts_pct": 78.5,
      "spearman_rho": 0.032,
      "tier_classification_accuracy": 0.326,
      "boom_bust": {
        "boom_prevalence": 0.1451851851851852,
        "bust_prevalence": 0.18814814814814815,
        "boom_precision": 0.2676056338028169,
        "boom_recall": 0.19387755102040816,
        "boom_f1": 0.22485207100591714,
        "bust_precision": 0.5555555555555556,
        "bust_recall": 0.03937007874015748,
        "bust_f1": 0.07352941176470588
      },
      "vor_rank_correlation": 0.41,
      "mae_rmse_ratio": 0.824,
      "spearman_top50": 0.032
    },
    "RB": {
      "rmse": 6.49,
      "mae": 4.71,
      "r2": 0.29,
      "mape": 67.1,
      "correlation": 0.549,
      "directional_accuracy_pct": 73.4,
      "within_3_pts_pct": 44.1,
      "within_5_pts_pct": 65.8,
      "within_7_pts_pct": 79.9,
      "within_10_pts_pct": 89.5,
      "spearman_rho": -0.179,
      "tier_classification_accuracy": 0.482,
      "boom_bust": {
        "boom_prevalence": 0.09009009009009009,
        "bust_prevalence": 0.3672903672903673,
        "boom_precision": 0.4,
        "boom_recall": 0.015384615384615385,
        "boom_f1": 0.02962962962962963,
        "bust_precision": 0.6418918918918919,
        "bust_recall": 0.5377358490566038,
        "bust_f1": 0.5852156057494867
      },
      "vor_rank_correlation": 0.569,
      "mae_rmse_ratio": 0.725,
      "spearman_top50": -0.179
    },
    "WR": {
      "rmse": 6.19,
      "mae": 4.58,
      "r2": 0.209,
      "mape": 69.4,
      "correlation": 0.482,
      "directional_accuracy_pct": 72.5,
      "within_3_pts_pct": 43.1,
      "within_5_pts_pct": 67.7,
      "within_7_pts_pct": 80.9,
      "within_10_pts_pct": 89.7,
      "spearman_rho": -0.097,
      "tier_classification_accuracy": 0.504,
      "boom_bust": {
        "boom_prevalence": 0.07489786654561961,
        "bust_prevalence": 0.40127099409895595,
        "boom_precision": 0.0,
        "boom_recall": 0.0,
        "boom_f1": 0.0,
        "bust_precision": 0.5939086294416244,
        "bust_recall": 0.5294117647058824,
        "bust_f1": 0.5598086124401914
      },
      "vor_rank_correlation": 0.469,
      "mae_rmse_ratio": 0.739,
      "spearman_top50": -0.097
    },
    "TE": {
      "rmse": 5.36,
      "mae": 3.83,
      "r2": 0.106,
      "mape": 58.2,
      "correlation": 0.431,
      "directional_accuracy_pct": 65.5,
      "within_3_pts_pct": 53.5,
      "within_5_pts_pct": 73.8,
      "within_7_pts_pct": 85.9,
      "within_10_pts_pct": 93.2,
      "spearman_rho": 0.08,
      "tier_classification_accuracy": 0.561,
      "boom_bust": {
        "boom_prevalence": 0.039792387543252594,
        "bust_prevalence": 0.46539792387543255,
        "boom_precision": 0.0,
        "boom_recall": 0.0,
        "boom_f1": 0.0,
        "bust_precision": 0.6043276661514683,
        "bust_recall": 0.7267657992565055,
        "bust_f1": 0.6599156118143459
      },
      "vor_rank_correlation": 0.429,
      "mae_rmse_ratio": 0.715,
      "spearman_top50": 0.08
    }
  },
  "success_criteria": {
    "spearman_rho": -0.064,
    "spearman_gt_065": false,
    "mape": 71.1,
    "mape_lt_25": "False",
    "within_7_pts_pct": 79.1,
    "within_7_pts_pct_ge_70": "True",
    "within_10_pts_pct": 89.0,
    "within_10_pts_pct_ge_80": "True",
    "tier_accuracy": 0.488,
    "tier_accuracy_ge_075": false,
    "beat_all_baselines_by_20_pct": false,
    "beat_all_baselines_by_25_pct": false,
    "model_has_real_edge": "True",
    "beat_primary_baseline_by_25_pct": "False",
    "position_benchmarks": {
      "QB": {
        "rmse_target": 7.5,
        "rmse_actual": 7.81,
        "rmse_pass": "False",
        "r2_target": 0.5,
        "r2_actual": -0.097,
        "r2_pass": "False",
        "mape_target": 25.0,
        "mape_actual": 107.6,
        "mape_pass": "False"
      },
      "RB": {
        "rmse_target": 8.5,
        "rmse_actual": 6.49,
        "rmse_pass": "True",
        "r2_target": 0.5,
        "r2_actual": 0.29,
        "r2_pass": "False",
        "mape_target": 25.0,
        "mape_actual": 67.1,
        "mape_pass": "False"
      },
      "WR": {
        "rmse_target": 8.0,
        "rmse_actual": 6.19,
        "rmse_pass": "True",
        "r2_target": 0.5,
        "r2_actual": 0.209,
        "r2_pass": "False",
        "mape_target": 25.0,
        "mape_actual": 69.4,
        "mape_pass": "False"
      },
      "TE": {
        "rmse_target": 7.0,
        "rmse_actual": 5.36,
        "rmse_pass": "True",
        "r2_target": 0.5,
        "r2_actual": 0.106,
        "r2_pass": "False",
        "mape_target": 25.0,
        "mape_actual": 58.2,
        "mape_pass": "False"
      }
    },
    "all_positions_meet_rmse": false,
    "all_positions_meet_r2": false,
    "avg_weekly_rmse": 6.15,
    "max_weekly_rmse": 6.86,
    "season_stability_ok": "True",
    "max_degradation_pct": 11.5,
    "confidence_band_coverage_10pt": 79.66039802811758,
    "confidence_band_target_882": false,
    "beat_expert_pct": 15.2,
    "beat_expert_by_5_pct": "True",
    "beat_expert_by_15_pct": "True",
    "expert_by_position": {
      "QB": {
        "beat_pct": -4.1,
        "target_pct": 10.0,
        "pass": "False",
        "n_matched": 0
      },
      "RB": {
        "beat_pct": 23.6,
        "target_pct": 12.5,
        "pass": "True",
        "n_matched": 0
      },
      "WR": {
        "beat_pct": 22.6,
        "target_pct": 10.0,
        "pass": "True",
        "n_matched": 0
      },
      "TE": {
        "beat_pct": 17.5,
        "target_pct": 15.0,
        "pass": "True",
        "n_matched": 0
      }
    },
    "all_positions_beat_expert": false,
    "mae_rmse_ratio": 0.739,
    "mae_rmse_healthy": "True",
    "pred_std": 4.79,
    "actual_std": 7.12,
    "prediction_variance_ratio": 0.673,
    "prediction_variance_ok": "True",
    "prediction_speed_ok": null,
    "boom_f1": 0.08139534883720931,
    "bust_f1": 0.579279052180489,
    "boom_prevalence": 0.08015336863246303,
    "bust_prevalence": 0.37958736534599236,
    "lineup_win_rate": 0.5714,
    "lineup_wins": 12,
    "lineup_losses": 9,
    "lineup_n_weeks": 21,
    "lineup_avg_margin": 13.5,
    "lineup_p_value": 0.3318,
    "lineup_win_rate_significant": false,
    "lineup_vs_replacement": {
      "win_rate": 0.9048,
      "wins": 19,
      "losses": 2,
      "p_value": 0.0001,
      "significant_at_05": true,
      "avg_margin": 49.46,
      "worst_loss": -21.3,
      "best_win": 96.0,
      "roi": 0.6286
    },
    "lineup_vs_hindsight": {
      "win_rate": 0.5714,
      "wins": 12,
      "losses": 9,
      "p_value": 0.3318,
      "significant_at_05": false,
      "avg_margin": 13.5,
      "worst_loss": -23.2,
      "best_win": 57.1,
      "roi": 0.0286
    },
    "lineup_vs_oracle": {
      "win_rate": 0.0,
      "wins": 0,
      "losses": 21,
      "p_value": 1.0,
      "significant_at_05": false,
      "avg_margin": -68.82,
      "worst_loss": -113.7,
      "best_win": 0.0,
      "roi": -1.0
    },
    "accuracy_passed": 0,
    "accuracy_total": 4,
    "reliability_passed": 0,
    "reliability_total": 4,
    "all_criteria_met": false
  },
  "multiple_baseline_comparison": {
    "model": {
      "rmse": 6.33,