{
  "QB|dropback_rate_pct": [
    0.0,
    76.76290832455211
  ],
  "QB|rush_share_pct": [
    0.0,
    73.9999999999997
  ],
  "QB|redzone_opp_pct": [
    0.0,
    60.0
  ],
  "QB|play_volume_pct": [
    2.0,
    100.0
  ],
  "RB|snap_share_pct": [
    0.0,
    100.0
  ],
  "RB|rush_share_pct": [
    0.0,
    100.0
  ],
  "RB|target_share_pct": [
    0.0,
    29.629629629629626
  ],
  "RB|redzone_share_pct": [
    0.0,
    20.0
  ],
  "RB|touch_share_pct": [
    2.496341463414634,
    70.97283531409164
  ],
  "RB|high_value_touch_rate": [
    0.0,
    40.0
  ],
  "WR|target_share_pct": [
    0.0,
    42.30769230769231
  ],
  "WR|air_yards_share_pct": [
    0.0,
    100.0
  ],
  "WR|snap_share_pct": [
    0.0,
    100.0
  ],
  "WR|redzone_targets_pct": [
    0.0,
    100.0
  ],
  "WR|route_participation_pct": [
    0.0,
    80.0
  ],
  "WR|high_value_touch_rate": [
    0.0,
    100.0
  ],
  "TE|target_share_pct": [
    2.0,
    35.109459459459515
  ],
  "TE|snap_share_pct": [
    0.0,
    100.0
  ],
  "TE|redzone_targets_pct": [
    0.0,
    100.0
  ],
  "TE|air_yards_share_pct": [
    0.0,
    100.0
  ],
  "TE|inline_rate_pct": [
    0.0,
    100.0
  ],
  "TE|high_value_touch_rate": [
    0.0,
    100.0
  ],
  "__meta__": {
    "train_seasons": [
      2018,
      2019,
      2020,
      2021,
      2022
    ],
    "min_season": 2018,
    "max_season": 2022,
    "created_at": "2026-05-18T21:01:25.697181"
  }
}