{
  "QB|dropback_rate_pct": [
    0.0,
    79.21069182389932
  ],
  "QB|rush_share_pct": [
    0.0,
    70.58823529411765
  ],
  "QB|redzone_opp_pct": [
    0.0,
    60.0
  ],
  "QB|play_volume_pct": [
    2.0,
    100.0
  ],
  "RB|snap_share_pct": [
    0.0,
    100.0
  ],
  "RB|rush_share_pct": [
    0.0,
    100.0
  ],
  "RB|target_share_pct": [
    0.0,
    31.03448275862069
  ],
  "RB|redzone_share_pct": [
    0.0,
    20.0
  ],
  "RB|touch_share_pct": [
    0.0,
    74.35897435897436
  ],
  "RB|high_value_touch_rate": [
    0.0,
    30.0
  ],
  "WR|target_share_pct": [
    0.0,
    43.75
  ],
  "WR|air_yards_share_pct": [
    0.0,
    100.0
  ],
  "WR|snap_share_pct": [
    0.0,
    100.0
  ],
  "WR|redzone_targets_pct": [
    0.0,
    100.0
  ],
  "WR|route_participation_pct": [
    0.0,
    100.0
  ],
  "WR|high_value_touch_rate": [
    0.0,
    100.0
  ],
  "TE|target_share_pct": [
    1.8867924528301887,
    37.5
  ],
  "TE|snap_share_pct": [
    0.0,
    100.0
  ],
  "TE|redzone_targets_pct": [
    0.0,
    100.0
  ],
  "TE|air_yards_share_pct": [
    0.0,
    100.0
  ],
  "TE|inline_rate_pct": [
    0.0,
    100.0
  ],
  "TE|high_value_touch_rate": [
    0.0,
    66.66666666666666
  ],
  "__meta__": {
    "train_seasons": [
      2006,
      2007,
      2008,
      2009,
      2010,
      2011,
      2012,
      2013,
      2014,
      2015,
      2016,
      2017,
      2018,
      2019,
      2020,
      2021,
      2022,
      2023,
      2024
    ],
    "min_season": 2006,
    "max_season": 2024,
    "created_at": "2026-04-28T22:48:14.947601"
  }
}