{
  "QB|dropback_rate_pct": [
    0.0,
    75.32608695652162
  ],
  "QB|rush_share_pct": [
    0.0,
    73.68421052631578
  ],
  "QB|redzone_opp_pct": [
    0.0,
    60.0
  ],
  "QB|play_volume_pct": [
    2.0,
    100.0
  ],
  "RB|snap_share_pct": [
    0.0,
    100.0
  ],
  "RB|rush_share_pct": [
    0.0,
    100.0
  ],
  "RB|target_share_pct": [
    0.0,
    29.411764705882355
  ],
  "RB|redzone_share_pct": [
    0.0,
    20.0
  ],
  "RB|touch_share_pct": [
    0.0,
    70.96774193548387
  ],
  "RB|high_value_touch_rate": [
    0.0,
    50.0
  ],
  "WR|target_share_pct": [
    0.0,
    42.078098471986436
  ],
  "WR|air_yards_share_pct": [
    0.0,
    100.0
  ],
  "WR|snap_share_pct": [
    0.0,
    100.0
  ],
  "WR|redzone_targets_pct": [
    0.0,
    100.0
  ],
  "WR|route_participation_pct": [
    0.0,
    80.0
  ],
  "WR|high_value_touch_rate": [
    0.0,
    100.0
  ],
  "TE|target_share_pct": [
    1.7543859649122806,
    35.36053130929798
  ],
  "TE|snap_share_pct": [
    0.0,
    100.0
  ],
  "TE|redzone_targets_pct": [
    0.0,
    100.0
  ],
  "TE|air_yards_share_pct": [
    0.0,
    100.0
  ],
  "TE|inline_rate_pct": [
    0.0,
    100.0
  ],
  "TE|high_value_touch_rate": [
    0.0,
    100.0
  ],
  "__meta__": {
    "train_seasons": [
      2018,
      2019,
      2020,
      2021,
      2022,
      2023,
      2024
    ],
    "min_season": 2018,
    "max_season": 2024,
    "created_at": "2026-05-09T23:02:32.828608"
  }
}